Product Name,Product ID,In Stock,Price,Product Url
Oranges,W23L8,yes,23.45,https://external-content.duckduckgo.com/iu/?u=https%3A%2F%2Ftse1.mm.bing.net%2Fth%3Fid%3DOIP.4TFjFtSdd0algDoPYU856QHaHa%26pid%3DApi&f=1
Mellons,E456J6,yes,34.5,https://external-content.duckduckgo.com/iu/?u=https%3A%2F%2Ftse2.mm.bing.net%2Fth%3Fid%3DOIP.kR63MCVO7zOZ8mgLEk-_hQHaFj%26pid%3DApi&f=1
Banana,9OI234,no,43.2,https://external-content.duckduckgo.com/iu/?u=https%3A%2F%2Ftse1.mm.bing.net%2Fth%3Fid%3DOIP.aLe3QbdQKcyWxjvfUvxQQgHaHa%26pid%3DApi&f=1
Apple,HG451,no,19.84,https://external-content.duckduckgo.com/iu/?u=https%3A%2F%2Ftse4.mm.bing.net%2Fth%3Fid%3DOIP.RTYsw7OXXllBvNdYIzfxcQHaHG%26pid%3DApi&f=1
Kiwi,98IO2,yes,23.56,https://external-content.duckduckgo.com/iu/?u=https%3A%2F%2Ftse1.mm.bing.net%2Fth%3Fid%3DOIP.6rvaHXdxtTbndEof4qcMgwHaE8%26pid%3DApi&f=1
Pineapple,P895,yes,14.76,https://external-content.duckduckgo.com/iu/?u=https%3A%2F%2Ftse1.mm.bing.net%2Fth%3Fid%3DOIP.4fKwChv1flRFCzO53Sy0dgHaE8%26pid%3DApi&f=1
Figgs,FG671,yes,23.5,https://external-content.duckduckgo.com/iu/?u=https%3A%2F%2Ftse2.mm.bing.net%2Fth%3Fid%3DOIP.aJBl6LZUXRH-s4859F5eqAHaE9%26pid%3DApi&f=1
Chandanis testingThe codeChandan
is testing
The code
Chandan	is testing
The code
Chandan 	is testing
The code
Chandan 	is testing
The code
Chandan 	is testing
The code
This,is,Just
For,Testing,Purpose
Hello,There,mate
Chandan 	is testing
The code
This,is,Just
For,Testing,Purpose
Hello,There,mate
Chandan 	is testing
The code
This,is,Just
For,Testing,Purpose
Hello,There,mate
"['SN', 'This', 'Is', 'a', 'Test']","[1, 2, 3, 4]"
Chandan 	is testing
The code
This,is,Just
For,Testing,Purpose
Hello,There,mate
"['SN', 'This', 'Is', 'a', 'Test']","[1, 2, 3, 4]"
Chandan 	is testing
The code
This,is,Just
For,Testing,Purpose
Hello,There,mate
SN,This,Is,a,Test
1,2,3,4
Chandan 	is testing
The code
This,is,Just
For,Testing,Purpose
Hello,There,mate
SN,This,Is,a,Test
1,2,3,4
Chandan 	is testing
The code
This,is,Just
For,Testing,Purpose
Hello,There,mate
SN,This,Is,a,Test
1,2,3,4
Chandan 	is testing
The code
This,is,Just
For,Testing,Purpose
Hello,There,mate
SN,This,Is,a,Test
1,2,3,4
Chandan 	is testing
The code
This,is,Just
For,Testing,Purpose
Hello,There,mate
SN,This,Is,a,Test
1,2,3,4
Product Name,Product ID
Banana,X345
Chandan 	is testing
The code
This,is,Just
For,Testing,Purpose
Hello,There,mate
SN,This,Is,a,Test
1,2,3,4
Banana,X345
Chandan 	is testing
The code
This,is,Just
For,Testing,Purpose
Hello,There,mate
SN,This,Is,a,Test
1,2,3,4
Banana,X345,Yes,45
Chandan 	is testing
The code
This,is,Just
For,Testing,Purpose
Hello,There,mate
SN,This,Is,a,Test
1,2,3,4
Banana,X345,Yes,45
Chandan 	is testing
The code
This,is,Just
For,Testing,Purpose
Hello,There,mate
SN,This,Is,a,Test
1,2,3,4
Banana,X345,Yes,45
Chandan 	is testing
The code
This,is,Just
For,Testing,Purpose
Hello,There,mate
SN,This,Is,a,Test
1,2,3,4
Banana,X345,Yes,45
Chandan 	is testing
The code
This,is,Just
For,Testing,Purpose
Hello,There,mate
SN,This,Is,a,Test
1,2,3,4
Banana,X345,Yes,45
Chandan 	is testing
The code
This,is,Just
For,Testing,Purpose
Hello,There,mate
SN,This,Is,a,Test
1,2,3,4
Banana,X345,Yes,45
Chandan 	is testing
The code
This,is,Just
For,Testing,Purpose
Hello,There,mate
SN,This,Is,a,Test
1,2,3,4
Banana,X345,Yes,45
Chandan 	is testing
The code
This,is,Just
For,Testing,Purpose
Hello,There,mate
SN,This,Is,a,Test
1,2,3,4
Banana,X345,Yes,45
Chandan 	is testing
The code
This,is,Just
For,Testing,Purpose
Hello,There,mate
SN,This,Is,a,Test
1,2,3,4
Banana,X345,Yes,45
Chandan 	is testing
The code
This,is,Just
For,Testing,Purpose
Hello,There,mate
SN,This,Is,a,Test
1,2,3,4
Banana,X345,Yes,45
Chandan 	is testing
The code
This,is,Just
For,Testing,Purpose
Hello,There,mate
SN,This,Is,a,Test
1,2,3,4
Banana,X345,Yes,45
Chandan 	is testing
The code
This,is,Just
For,Testing,Purpose
Hello,There,mate
SN,This,Is,a,Test
1,2,3,4
Banana,X345,Yes,45
Chandan 	is testing
The code
This,is,Just
For,Testing,Purpose
Hello,There,mate
SN,This,Is,a,Test
1,2,3,4
Banana,X345,Yes,45
Chandan 	is testing
The code
This,is,Just
For,Testing,Purpose
Hello,There,mate
SN,This,Is,a,Test
1,2,3,4
Banana,X345,Yes,45
Chandan 	is testing
The code
This,is,Just
For,Testing,Purpose
Hello,There,mate
SN,This,Is,a,Test
1,2,3,4
Banana,X345,Yes,45
Chandan 	is testing
The code
This,is,Just
For,Testing,Purpose
Hello,There,mate
SN,This,Is,a,Test
1,2,3,4
Banana,X345,Yes,45
Chandan 	is testing
The code
This,is,Just
For,Testing,Purpose
Hello,There,mate
SN,This,Is,a,Test
1,2,3,4
Banana,X345,Yes,45
Chandan 	is testing
The code
This,is,Just
For,Testing,Purpose
Hello,There,mate
SN,This,Is,a,Test
1,2,3,4
Banana,X345,Yes,45
Chandan 	is testing
The code
This,is,Just
For,Testing,Purpose
Hello,There,mate
SN,This,Is,a,Test
1,2,3,4
Banana,X345,Yes,45
Chandan 	is testing
The code
This,is,Just
For,Testing,Purpose
Hello,There,mate
SN,This,Is,a,Test
1,2,3,4
Banana,X345,Yes,45
Chandan 	is testing
The code
This,is,Just
For,Testing,Purpose
Hello,There,mate
SN,This,Is,a,Test
1,2,3,4
Banana,X345,Yes,45
Chandan 	is testing
The code
This,is,Just
For,Testing,Purpose
Hello,There,mate
SN,This,Is,a,Test
1,2,3,4
Banana,X345,Yes,45
Chandan 	is testing
The code
This,is,Just
For,Testing,Purpose
Hello,There,mate
SN,This,Is,a,Test
1,2,3,4
Banana,X345,Yes,45
Chandan 	is testing
The code
This,is,Just
For,Testing,Purpose
Hello,There,mate
SN,This,Is,a,Test
1,2,3,4
Banana,X345,Yes,45
Chandan 	is testing
The code
This,is,Just
For,Testing,Purpose
Hello,There,mate
SN,This,Is,a,Test
1,2,3,4
Banana,X345,Yes,45
Chandan 	is testing
The code
This,is,Just
For,Testing,Purpose
Hello,There,mate
SN,This,Is,a,Test
1,2,3,4
Banana,X345,Yes,45
Chandan 	is testing
The code
This,is,Just
For,Testing,Purpose
Hello,There,mate
SN,This,Is,a,Test
1,2,3,4
Banana,X345,Yes,45
Chandan 	is testing
The code
This,is,Just
For,Testing,Purpose
Hello,There,mate
SN,This,Is,a,Test
1,2,3,4
Banana,X345,Yes,45
Chandan 	is testing
The code
This,is,Just
For,Testing,Purpose
Hello,There,mate
SN,This,Is,a,Test
1,2,3,4
Banana,X345,Yes,45
Chandan 	is testing
The code
This,is,Just
For,Testing,Purpose
Hello,There,mate
SN,This,Is,a,Test
1,2,3,4
Banana,X345,Yes,45
Chandan 	is testing
The code
This,is,Just
For,Testing,Purpose
Hello,There,mate
SN,This,Is,a,Test
1,2,3,4
Banana,X345,Yes,45
Chandan 	is testing
The code
This,is,Just
For,Testing,Purpose
Hello,There,mate
SN,This,Is,a,Test
1,2,3,4
Banana,X345,Yes,45
Chandan 	is testing
The code
This,is,Just
For,Testing,Purpose
Hello,There,mate
SN,This,Is,a,Test
1,2,3,4
Banana,X345,Yes,45
Chandan 	is testing
The code
This,is,Just
For,Testing,Purpose
Hello,There,mate
SN,This,Is,a,Test
1,2,3,4
Banana,X345,Yes,45
Chandan 	is testing
The code
This,is,Just
For,Testing,Purpose
Hello,There,mate
SN,This,Is,a,Test
1,2,3,4
Banana,X345,Yes,45
Chandan 	is testing
The code
This,is,Just
For,Testing,Purpose
Hello,There,mate
SN,This,Is,a,Test
1,2,3,4
Banana,X345,Yes,45
Chandan 	is testing
The code
This,is,Just
For,Testing,Purpose
Hello,There,mate
SN,This,Is,a,Test
1,2,3,4
Banana,X345,Yes,45
